Workbook

Sheet Sheet1
A1: 序号 | B1: 姓名 | C1: 具体岗位 | D1: 岗位工资 | E1: 出勤 | F1: 休假 天数 | G1: 总绩效=人均绩效+占卫生技术人员绩效 | H1: number人均绩效 | I1: 占卫生技术人员绩效 | J1: 节日值班 | K1: 夜班费 | L1: 冬季保安烧锅炉补贴 | M1: time备注 | N1: a | O1: b | P1: c | Q1: d | R1: e | S1: f | T1: g
A2: 1 | B2: 冯秀鑫 | C2: 公卫 | D2: 2200 | E2: 满勤 | G2: ='number人均绩效 占卫生技术人员绩效 500 300'!A2+'number人均绩效 占卫生技术人员绩效 500 300'!B2 -> 800 | H2: 500 | I2: 300 | M2: 41656 | N2: ='number人均绩效 占卫生技术人员绩效 500 300'!H2+'number人均绩效 占卫生技术人员绩效 500 300'!I2 -> 0 | O2: 500 | P2: 300 | T2: 41656
A3: 2 | B3: 范珊珊 | C3: 公卫 | D3: 2200 | E3: 满勤 | G3: ='number人均绩效 占卫生技术人员绩效 500 300'!A3+'number人均绩效 占卫生技术人员绩效 500 300'!B3 -> 1400 | H3: 500 | I3: 900 | M3: 41657 | N3: ='number人均绩效 占卫生技术人员绩效 500 300'!H3+'number人均绩效 占卫生技术人员绩效 500 300'!I3 -> 0 | O3: 500 | P3: 900 | T3: 41657
A4: 3 | B4: 苍程鑫 | C4: 公卫 | D4: 2200 | E4: 满勤 | G4: ='number人均绩效 占卫生技术人员绩效 500 300'!A4+'number人均绩效 占卫生技术人员绩效 500 300'!B4 -> 800 | H4: 500 | I4: 300 | M4: 41658 | N4: ='number人均绩效 占卫生技术人员绩效 500 300'!H4+'number人均绩效 占卫生技术人员绩效 500 300'!I4 -> 0 | O4: 500 | P4: 300 | T4: 41658
A5: 4 | B5: 李霞 | C5: 公卫负责人 | D5: 2700 | E5: 满勤 | G5: ='number人均绩效 占卫生技术人员绩效 500 300'!A5+'number人均绩效 占卫生技术人员绩效 500 300'!B5 -> 1200 | H5: 500 | I5: 700 | M5: 41659 | N5: ='number人均绩效 占卫生技术人员绩效 500 300'!H5+'number人均绩效 占卫生技术人员绩效 500 300'!I5 -> 0 | O5: 500 | P5: 700 | T5: 41659
A6: 5 | B6: 于百乐 | C6: 公卫 | D6: 2200 | E6: 满勤 | G6: ='number人均绩效 占卫生技术人员绩效 500 300'!A6+'number人均绩效 占卫生技术人员绩效 500 300'!B6 -> 800 | H6: 500 | I6: 300 | M6: 41660 | N6: ='number人均绩效 占卫生技术人员绩效 500 300'!H6+'number人均绩效 占卫生技术人员绩效 500 300'!I6 -> 0 | O6: 500 | P6: 300 | T6: 41660
A7: 6 | B7: 陈晨 | C7: 公卫 | D7: 2200 | E7: 满勤 | G7: ='number人均绩效 占卫生技术人员绩效 500 300'!A7+'number人均绩效 占卫生技术人员绩效 500 300'!B7 -> 1000 | H7: 500 | I7: 500 | M7: 41661 | N7: ='number人均绩效 占卫生技术人员绩效 500 300'!H7+'number人均绩效 占卫生技术人员绩效 500 300'!I7 -> 0 | O7: 500 | P7: 500 | T7: 41661
A8: 7 | B8: 于雅楠 | C8: 公卫 | D8: 2200 | E8: 满勤 | G8: ='number人均绩效 占卫生技术人员绩效 500 300'!A8+'number人均绩效 占卫生技术人员绩效 500 300'!B8 -> 800 | H8: 500 | I8: 300 | M8: 41662 | N8: ='number人均绩效 占卫生技术人员绩效 500 300'!H8+'number人均绩效 占卫生技术人员绩效 500 300'!I8 -> 0 | O8: 500 | P8: 300 | T8: 41662
A9: 8 | B9: 刘发国 | C9: 司机 | D9: 2300 | E9: 满勤 | G9: ='number人均绩效 占卫生技术人员绩效 500 300'!A9+'number人均绩效 占卫生技术人员绩效 500 300'!B9 -> 1200 | H9: 500 | I9: 700 | M9: 41663 | N9: ='number人均绩效 占卫生技术人员绩效 500 300'!H9+'number人均绩效 占卫生技术人员绩效 500 300'!I9 -> 0 | O9: 500 | P9: 700 | T9: 41663
A10: 9 | B10: 于广涛 | C10: 司机 | D10: 2500 | E10: 满勤 | G10: ='number人均绩效 占卫生技术人员绩效 500 300'!A10+'number人均绩效 占卫生技术人员绩效 500 300'!B10 -> 1000 | H10: 500 | I10: 500 | M10: 41664 | N10: ='number人均绩效 占卫生技术人员绩效 500 300'!H10+'number人均绩效 占卫生技术人员绩效 500 300'!I10 -> 0 | O10: 500 | P10: 500 | T10: 41664
A11: 10 | B11: 王永智 | C11: 厨师 | D11: 1800 | E11: 满勤 | G11: ='number人均绩效 占卫生技术人员绩效 500 300'!A11+'number人均绩效 占卫生技术人员绩效 500 300'!B11 -> 1200 | H11: 500 | I11: 700 | M11: 41665 | N11: ='number人均绩效 占卫生技术人员绩效 500 300'!H11+'number人均绩效 占卫生技术人员绩效 500 300'!I11 -> 0 | O11: 500 | P11: 700 | T11: 41665
A12: 11 | B12: 刘向阳 | C12: 保安 | D12: 1800 | E12: 满勤 | G12: ='number人均绩效 占卫生技术人员绩效 500 300'!A12+'number人均绩效 占卫生技术人员绩效 500 300'!B12 -> 900 | H12: 500 | I12: 400 | K12: 700 | L12: 800 | M12: 41666 | N12: ='number人均绩效 占卫生技术人员绩效 500 300'!H12+'number人均绩效 占卫生技术人员绩效 500 300'!I12 -> 0 | O12: 500 | P12: 400 | R12: 700 | S12: 800 | T12: 41666
A13: 12 | B13: 李兆双 | C13: 收款 | D13: 1800 | E13: 满勤 | G13: ='number人均绩效 占卫生技术人员绩效 500 300'!A13+'number人均绩效 占卫生技术人员绩效 500 300'!B13 -> 550 | H13: 500 | I13: 50 | K13: 450 | M13: 41667 | N13: ='number人均绩效 占卫生技术人员绩效 500 300'!H13+'number人均绩效 占卫生技术人员绩效 500 300'!I13 -> 0 | O13: 500 | P13: 50 | R13: 450 | T13: 41667
A14: 13 | B14: 张晓玉 | C14: 厨师 | D14: 1800 | E14: 满勤 | G14: ='number人均绩效 占卫生技术人员绩效 500 300'!A14+'number人均绩效 占卫生技术人员绩效 500 300'!B14 -> 900 | H14: 500 | I14: 400 | M14: 41668 | N14: ='number人均绩效 占卫生技术人员绩效 500 300'!H14+'number人均绩效 占卫生技术人员绩效 500 300'!I14 -> 0 | O14: 500 | P14: 400 | T14: 41668
A15: 14 | B15: 陈丹 | C15: 收款 | D15: 1800 | E15: 满勤 | G15: ='number人均绩效 占卫生技术人员绩效 500 300'!A15+'number人均绩效 占卫生技术人员绩效 500 300'!B15 -> 750 | H15: 500 | I15: 250 | K15: 500 | M15: 41669 | N15: ='number人均绩效 占卫生技术人员绩效 500 300'!H15+'number人均绩效 占卫生技术人员绩效 500 300'!I15 -> 0 | O15: 500 | P15: 250 | R15: 500 | T15: 41669
A16: 15 | B16: 阎爽 | C16: 收款 | D16: 1800 | E16: 满勤 | G16: ='number人均绩效 占卫生技术人员绩效 500 300'!A16+'number人均绩效 占卫生技术人员绩效 500 300'!B16 -> 550 | H16: 500 | I16: 50 | K16: 450 | M16: 41670 | N16: ='number人均绩效 占卫生技术人员绩效 500 300'!H16+'number人均绩效 占卫生技术人员绩效 500 300'!I16 -> 0 | O16: 500 | P16: 50 | R16: 450 | T16: 41670
A17: 16 | B17: 付佐仟 | C17: 保安 | D17: 1800 | E17: 满勤 | G17: ='number人均绩效 占卫生技术人员绩效 500 300'!A17+'number人均绩效 占卫生技术人员绩效 500 300'!B17 -> 700 | H17: 500 | I17: 200 | K17: 700 | L17: 800 | M17: 41671 | N17: ='number人均绩效 占卫生技术人员绩效 500 300'!H17+'number人均绩效 占卫生技术人员绩效 500 300'!I17 -> 0 | O17: 500 | P17: 200 | R17: 700 | S17: 800 | T17: 41671

Sheet number人均绩效 占卫生技术人员绩效 500 300
A1: nubmer人均绩效 | B1: 占卫生技术人员绩效
A2: 500 | B2: 300
A3: 500 | B3: 900
A4: 500 | B4: 300
A5: 500 | B5: 700
A6: 500 | B6: 300
A7: 500 | B7: 500
A8: 500 | B8: 300
A9: 500 | B9: 700
A10: 500 | B10: 500
A11: 500 | B11: 700
A12: 500 | B12: 400
A13: 500 | B13: 50
... A17: 500 | B17: 200
A18: =SUM(A2:A17) -> 8000 | B18: =SUM(B2:B17) -> 6550

Sheet Sheet3
